Generation,Min,Max,Mean,Evals
Trial 0 final result: after 2083 generations the shortest path is: 0
Trial 0 Shortest path: 1, 1, 1, 1, 1, 1, 1, 1, 1, 1, 1, 1, 1, 
Trial 0 begin summary section
0,80,49,62.4186,0
1,75,48,60.1881,0
2,74,44,58.3955,0
3,75,39,57.0287,0
4,71,39,54.9834,0
5,70,39,53.9653,0
6,71,35,53.6025,0
7,67,35,52.5889,0
8,68,35,52.4174,0
9,70,32,52.1683,0
10,69,32,50.7037,0
11,65,32,50.192,0
12,68,32,48.8449,0
13,64,32,47.8025,0
14,64,32,46.066,0
15,64,32,46.9895,0
16,63,32,46.9603,0
17,66,32,47.2801,0
18,69,32,46.7937,0
19,67,32,46.684,0
20,70,32,47.007,0
21,65,32,47.6563,0
22,66,32,47.2775,0
23,66,32,47.0941,0
24,64,32,46.399,0
25,64,32,45.906,0
26,67,31,45.9758,0
27,68,31,46.9909,0
28,66,31,46.6978,0
29,60,31,46.4948,0
30,59,31,47.6832,0
31,66,31,46.7731,0
32,66,31,46.3073,0
33,61,31,47.313,0
34,66,31,47.065,0
35,66,31,46.5362,0
36,64,31,45.4769,0
37,63,31,44.8621,0
38,61,31,45.5188,0
39,61,31,45.3228,0
40,65,31,45.5366,0
41,63,31,45.8143,0
42,64,31,45.6991,0
43,64,31,45.1333,0
44,63,31,45.2993,0
45,65,31,46.1067,0
46,67,31,46.7547,0
47,65,31,46.2695,0
48,70,31,47.6773,0
49,65,31,46.815,0
50,67,31,47.0687,0
51,70,31,47.2129,0
52,65,31,46.1207,0
53,68,31,46.7722,0
54,68,31,48.2834,0
55,65,31,47.8907,0
56,62,31,47.3578,0
57,62,31,46.4046,0
58,68,31,46.9092,0
59,64,31,47.2838,0
60,62,31,46.1493,0
61,65,31,45.1534,0
62,65,31,44.9078,0
63,69,31,43.4432,0
64,69,31,42.2736,0
65,64,31,42.7721,0
66,62,31,43.1587,0
67,58,31,42.6717,0
68,65,31,43.2421,0
69,65,31,44.9373,0
70,70,31,45.6159,0
71,61,31,45.2295,0
72,61,31,46.0763,0
73,64,31,45.0157,0
74,67,31,45.7524,0
75,69,31,46.4987,0
76,64,31,45.8757,0
77,64,31,45.6062,0
78,66,31,46.155,0
79,66,31,46.697,0
80,69,31,46.0713,0
81,67,31,46.7269,0
82,66,31,44.9318,0
83,64,31,45.3088,0
84,65,31,45.6039,0
85,68,31,45.8206,0
86,68,31,45.5184,0
87,65,31,45.0977,0
88,60,31,46.102,0
89,60,31,44.4087,0
90,64,31,43.6843,0
91,62,31,44.2218,0
92,63,31,45.5516,0
93,63,31,45.1939,0
94,64,31,45.5448,0
95,66,31,45.0398,0
96,66,31,44.1073,0
97,62,31,44.1616,0
98,68,31,44.5668,0
99,63,31,45.57,0
100,73,31,45.0628,0
101,73,31,45.1249,0
102,63,31,45.2573,0
103,62,31,44.543,0
104,67,31,44.3085,0
105,67,31,43.8996,0
106,66,31,43.5312,0
107,67,31,43.9154,0
108,62,31,43.7042,0
109,62,31,45.1982,0
110,72,31,45.2697,0
111,62,31,45.6366,0
112,61,31,44.8528,0
113,67,31,45.6463,0
114,64,31,44.7278,0
115,64,31,45.4128,0
116,65,31,45.4006,0
117,64,31,46.0535,0
118,65,31,45.3251,0
119,65,31,44.4993,0
120,64,31,45.2626,0
121,64,31,44.5883,0
122,64,31,45.2346,0
123,65,31,45.275,0
124,65,31,45.3307,0
125,66,31,45.3546,0
126,66,31,45.5128,0
127,64,31,46.9332,0
128,62,31,46.6866,0
129,61,31,45.4716,0
130,64,31,46.0736,0
131,64,31,46.4004,0
132,60,31,44.8154,0
133,64,31,44.5782,0
134,63,31,44.0411,0
135,62,31,43.9501,0
136,66,31,44.6658,0
137,64,31,45.0705,0
138,62,31,45.5551,0
139,63,31,45.004,0
140,62,31,44.4432,0
141,63,31,44.1022,0
142,64,31,44.4844,0
143,62,31,43.6435,0
144,64,31,43.692,0
145,60,31,43.9978,0
146,61,31,44.6079,0
147,63,31,45.2084,0
148,63,31,45.5028,0
149,72,31,45.3524,0
150,67,31,44.778,0
151,69,31,45.0839,0
152,68,31,44.4815,0
153,63,31,44.3917,0
154,65,31,45.9964,0
155,66,31,46.0255,0
156,63,31,45.6733,0
157,61,31,45.4482,0
158,62,31,46.1237,0
159,62,31,46.1144,0
160,66,31,46.2173,0
161,65,31,46.9409,0
162,60,31,46.9052,0
163,61,31,46.5183,0
164,62,31,46.7177,0
165,64,31,46.9945,0
166,63,31,46.1847,0
167,61,31,46.4225,0
168,62,31,46.3027,0
169,63,31,45.0979,0
170,64,31,44.8195,0
171,62,31,45.4661,0
172,65,31,46.2765,0
173,62,31,44.7105,0
174,61,31,44.2613,0
175,63,31,44.9046,0
176,63,31,45.0275,0
177,61,31,44.9037,0
178,61,31,44.8062,0
179,64,31,46.1265,0
180,64,31,44.7331,0
181,63,31,44.0641,0
182,62,31,43.2658,0
183,63,31,45.189,0
184,62,31,45.4537,0
185,61,31,45.2612,0
186,61,31,44.1703,0
187,61,31,44.4161,0
188,67,31,45.3274,0
189,67,31,45.3385,0
190,66,31,45.0781,0
191,66,31,44.6181,0
192,67,31,45.0051,0
193,65,31,45.2589,0
194,63,31,45.5032,0
195,62,31,46.6987,0
196,65,31,45.7754,0
197,65,31,44.9291,0
198,62,31,43.6004,0
199,74,31,45.213,0
200,74,31,44.4542,0
201,58,31,44.745,0
202,66,31,45.7989,0
203,61,31,46.1756,0
204,63,31,46.4427,0
205,65,31,46.4373,0
206,65,31,46.264,0
207,67,31,46.3202,0
208,67,31,45.8064,0
209,67,31,45.2268,0
210,63,31,45.1807,0
211,63,31,44.9227,0
212,63,31,45.0076,0
213,64,31,45.3107,0
214,69,31,44.4205,0
215,63,31,44.6154,0
216,66,31,44.7298,0
217,67,31,45.8081,0
218,68,31,45.968,0
219,69,31,45.5165,0
220,68,31,45.4654,0
221,68,31,44.8845,0
222,64,31,45.5161,0
223,64,31,46.7097,0
224,67,31,46.687,0
225,65,31,46.6093,0
226,65,31,45.5484,0
227,66,31,45.041,0
228,72,31,46.0207,0
229,68,31,45.5864,0
230,68,31,45.9717,0
231,67,31,45.4131,0
232,69,31,44.3584,0
233,64,31,43.8459,0
234,59,31,43.7509,0
235,61,31,43.9939,0
236,60,31,44.388,0
237,62,31,44.5244,0
238,64,31,45.433,0
239,64,31,44.5396,0
240,65,31,44.682,0
241,68,31,45.3995,0
242,68,31,45.0242,0
243,69,31,45.0354,0
244,66,31,45.3114,0
245,67,31,45.5364,0
246,60,31,44.956,0
247,65,31,45.6402,0
248,66,31,45.0619,0
249,62,31,44.6042,0
250,62,31,44.2156,0
251,60,31,43.7967,0
252,61,31,44.0131,0
253,65,31,43.8806,0
254,65,31,43.9948,0
255,65,31,44.8002,0
256,63,31,45.3338,0
257,72,31,45.0248,0
258,62,31,45.5753,0
259,70,31,45.986,0
260,67,31,45.5494,0
261,66,31,48.0196,0
262,72,31,46.3853,0
263,71,31,46.072,0
264,71,31,46.6733,0
265,71,31,47.1988,0
266,69,31,46.7048,0
267,68,31,47.8207,0
268,69,31,46.6846,0
269,67,31,45.9844,0
270,68,31,46.1669,0
271,68,31,45.7318,0
272,61,31,44.3578,0
273,60,31,42.797,0
274,60,31,43.8142,0
275,67,31,43.6221,0
276,70,31,44.6384,0
277,70,31,44.7484,0
278,69,31,45.0568,0
279,70,31,44.5114,0
280,70,31,44.3814,0
281,70,31,45.569,0
282,67,31,44.7441,0
283,66,31,44.6413,0
284,67,31,43.9367,0
285,66,31,45.4257,0
286,70,31,46.0682,0
287,62,31,46.1608,0
288,61,31,44.4742,0
289,61,31,44.4694,0
290,66,31,44.407,0
291,69,31,44.7003,0
292,64,31,44.6789,0
293,68,31,45.4252,0
294,69,31,45.6673,0
295,69,31,46.8536,0
296,69,31,45.2771,0
297,69,31,44.2879,0
298,61,31,43.3939,0
299,62,31,44.1589,0
300,63,31,44.1233,0
301,69,31,44.89,0
302,66,31,45.7946,0
303,64,31,46.3579,0
304,67,31,45.9868,0
305,68,31,45.0983,0
306,70,31,44.3673,0
307,67,31,42.5537,0
308,59,31,42.5812,0
309,61,31,42.138,0
310,59,31,41.9002,0
311,59,31,42.6483,0
312,60,31,44.1992,0
313,61,31,44.5419,0
314,62,31,45.8802,0
315,69,31,45.1125,0
316,63,31,44.8161,0
317,64,31,43.9779,0
318,60,31,43.1613,0
319,70,31,43.1601,0
320,70,31,44.4546,0
321,70,31,44.626,0
322,70,31,45.1885,0
323,64,31,44.4789,0
324,62,31,44.454,0
325,63,31,44.5995,0
326,62,31,44.0016,0
327,71,31,44.148,0
328,63,31,44.1622,0
329,66,31,44.7991,0
330,67,31,44.8257,0
331,67,31,46.1673,0
332,68,31,46.0123,0
333,70,31,46.5664,0
334,66,31,45.1285,0
335,66,31,44.1017,0
336,66,31,44.2541,0
337,71,31,43.0334,0
338,71,31,42.783,0
339,73,31,43.6878,0
340,62,31,42.6316,0
341,64,31,44.4455,0
342,71,31,43.8518,0
343,64,31,43.6995,0
344,66,31,43.0688,0
345,68,31,43.3916,0
346,59,31,44.3177,0
347,61,31,44.1402,0
348,62,31,43.8114,0
349,64,31,44.7817,0
350,59,31,44.5276,0
351,63,31,45.2252,0
352,62,31,45.5558,0
353,60,31,45.767,0
354,61,31,46.2639,0
355,64,31,46.3301,0
356,65,31,45.266,0
357,66,31,46.6071,0
358,65,31,45.4582,0
359,65,31,45.4828,0
360,63,31,45.5821,0
361,65,31,45.4598,0
362,66,31,44.8898,0
363,65,31,45.2919,0
364,56,31,44.3061,0
365,62,31,45.3992,0
366,63,31,45.2575,0
367,64,31,45.011,0
368,66,31,46.0673,0
369,71,31,45.5022,0
370,65,31,45.0649,0
371,63,31,44.5181,0
372,61,31,45.1063,0
373,68,31,44.9595,0
374,67,31,45.9655,0
375,70,31,46.6189,0
376,65,31,45.5748,0
377,65,31,45.8674,0
378,71,31,44.7539,0
379,65,31,43.9747,0
380,60,31,43.7598,0
381,60,31,43.6315,0
382,62,31,41.8033,0
383,70,31,42.4902,0
384,70,31,41.5273,0
385,58,31,42.6233,0
386,59,31,42.3203,0
387,62,31,43.0924,0
388,62,31,44.2413,0
389,63,31,43.957,0
390,62,31,44.1938,0
391,62,31,43.922,0
392,60,31,44.1183,0
393,63,31,44.9836,0
394,68,31,45.197,0
395,68,31,45.4684,0
396,66,31,44.8917,0
397,65,31,45.4366,0
398,65,31,44.9798,0
399,64,31,45.0165,0
400,64,31,45.7843,0
401,64,31,46.5401,0
402,64,31,45.6599,0
403,71,31,44.7676,0
404,70,31,44.6314,0
405,64,31,45.4725,0
406,63,31,46.2302,0
407,61,31,45.2637,0
408,63,31,45.5978,0
409,65,31,45.3342,0
410,64,31,44.9135,0
411,64,31,44.7791,0
412,63,31,45.4487,0
413,59,31,44.987,0
414,61,31,44.4819,0
415,66,31,45.0793,0
416,66,31,46.4693,0
417,66,31,45.0353,0
418,65,31,45.2997,0
419,64,31,44.9318,0
420,60,31,44.5214,0
421,60,31,43.6746,0
422,64,31,43.3315,0
423,60,31,44.0071,0
424,64,31,44.2825,0
425,64,31,44.5296,0
426,64,31,45.094,0
427,65,31,44.9844,0
428,65,31,45.8682,0
429,66,31,46.5523,0
430,66,31,46.8738,0
431,70,31,45.2928,0
432,65,31,43.9812,0
433,65,31,44.9796,0
434,64,31,44.1891,0
435,63,31,43.01,0
436,63,31,43.7651,0
437,63,31,44.7466,0
438,64,31,44.1298,0
439,60,31,42.6502,0
440,65,31,43.7375,0
441,59,31,44.8199,0
442,61,31,44.7619,0
443,61,31,44.3293,0
444,63,31,45.3005,0
445,63,31,45.6166,0
446,62,31,45.0813,0
447,64,31,45.4571,0
448,62,31,45.087,0
449,64,31,45.2914,0
450,57,31,45.3957,0
451,66,31,46.1024,0
452,65,31,45.2389,0
453,67,31,44.1195,0
454,65,31,45.1992,0
455,65,31,45.307,0
456,64,31,46.2372,0
457,64,31,46.3525,0
458,66,31,45.912,0
459,65,31,45.1638,0
460,67,31,44.7757,0
461,66,31,44.5779,0
462,65,31,45.3751,0
463,66,31,45.7714,0
464,68,31,45.0104,0
465,67,31,43.7589,0
466,66,31,43.9958,0
467,73,31,44.6944,0
468,73,31,43.7417,0
469,72,31,44.7034,0
470,72,31,45.0069,0
471,72,31,45.4418,0
472,65,31,45.4278,0
473,65,31,45.1124,0
474,65,31,45.5669,0
475,65,31,44.7596,0
476,64,31,45.6811,0
477,64,31,44.6656,0
478,61,31,44.7223,0
479,63,31,43.6971,0
480,64,31,44.7123,0
481,63,31,45.0743,0
482,67,31,45.0734,0
483,72,31,44.4891,0
484,72,31,44.5604,0
485,67,31,43.917,0
486,67,31,44.1889,0
487,67,31,45.3186,0
488,68,31,44.8876,0
489,68,31,44.8872,0
490,67,31,44.5552,0
491,67,31,45.2605,0
492,66,31,45.2847,0
493,66,31,45.145,0
494,66,31,44.9743,0
495,66,31,45.0144,0
496,62,31,45.6439,0
497,61,31,44.9229,0
498,68,31,43.8121,0
499,68,31,44.9264,0
500,68,31,45.2272,0
501,68,31,44.1255,0
502,68,31,44.3591,0
503,66,31,44.144,0
504,64,31,43.3541,0
505,67,31,43.3065,0
506,64,31,44.2166,0
507,65,31,43.5172,0
508,66,31,43.9631,0
509,66,31,44.4842,0
510,62,31,45.1249,0
511,69,31,44.1385,0
512,69,31,44.1012,0
513,69,31,42.8672,0
514,63,31,43.4214,0
515,62,31,43.8413,0
516,69,31,44.9998,0
517,63,31,45.2394,0
518,65,31,45.9511,0
519,71,31,44.8123,0
520,71,31,45.773,0
521,67,31,47.0334,0
522,64,31,46.4289,0
523,61,31,46.8757,0
524,74,31,47.3714,0
525,62,31,47.1318,0
526,63,31,46.995,0
527,65,31,45.7572,0
528,67,31,46.8825,0
529,65,31,45.8429,0
530,62,31,44.9406,0
531,62,31,45.1082,0
532,62,31,45.4909,0
533,66,31,45.4273,0
534,62,31,45.0729,0
535,62,31,45.2209,0
536,63,31,46.0286,0
537,66,31,46.7284,0
538,69,31,47.0091,0
539,64,31,46.8295,0
540,61,31,46.4256,0
541,65,31,46.1945,0
542,62,31,45.502,0
543,68,31,45.0022,0
544,67,31,45.153,0
545,65,31,45.5626,0
546,63,31,45.9419,0
547,62,31,45.7129,0
548,63,31,45.1365,0
549,64,31,44.4377,0
550,68,31,45.0437,0
551,68,31,44.0897,0
552,64,31,44.5264,0
553,63,31,45.318,0
554,65,31,45.983,0
555,61,31,45.6227,0
556,67,31,45.514,0
557,67,31,45.7204,0
558,64,31,45.4857,0
559,66,31,45.6125,0
560,69,31,44.9393,0
561,71,31,46.4902,0
562,68,31,46.397,0
563,69,31,46.3932,0
564,67,31,46.3962,0
565,69,31,45.0084,0
566,73,31,45.5573,0
567,67,31,45.6476,0
568,68,31,44.9866,0
569,61,31,43.7797,0
570,66,31,44.1563,0
571,65,31,43.7943,0
572,66,31,44.675,0
573,66,31,44.0441,0
574,74,31,44.9628,0
575,74,31,44.6802,0
576,67,31,44.9566,0
577,65,31,44.3927,0
578,59,31,45.6693,0
579,69,31,44.6005,0
580,60,31,45.0561,0
581,61,31,44.9835,0
582,66,31,45.033,0
583,64,31,45.5442,0
584,68,31,45.0827,0
585,68,31,45.0008,0
586,69,31,46.064,0
587,73,31,47.5221,0
588,70,31,46.1981,0
589,72,31,45.943,0
590,61,31,44.6751,0
591,66,31,46.6219,0
592,65,31,46.5315,0
593,65,31,46.528,0
594,61,31,46.3643,0
595,62,31,46.186,0
596,62,31,45.9708,0
597,68,31,46.391,0
598,70,31,46.2942,0
599,66,31,45.7447,0
600,67,31,45.3747,0
601,62,31,45.3832,0
602,63,31,44.2431,0
603,59,31,44.566,0
604,61,31,44.4495,0
605,65,31,44.3156,0
606,66,31,45.2866,0
607,62,31,44.5033,0
608,66,31,44.2143,0
609,66,31,44.6645,0
610,66,31,44.8907,0
611,62,31,45.0557,0
612,61,31,44.9816,0
613,64,31,44.916,0
614,65,31,44.0316,0
615,65,31,44.15,0
616,63,31,45.0573,0
617,63,31,46.1252,0
618,65,31,45.8401,0
619,65,31,45.4834,0
620,61,31,45.63,0
621,64,31,45.5702,0
622,65,31,45.4009,0
623,71,31,46.3293,0
624,73,31,45.9913,0
625,65,31,45.6296,0
626,66,31,45.2141,0
627,66,31,44.1337,0
628,60,31,44.0087,0
629,66,31,43.8961,0
630,66,31,44.0038,0
631,64,31,43.7653,0
632,71,31,43.7311,0
633,72,31,44.0141,0
634,63,31,44.932,0
635,68,31,46.0437,0
636,75,31,46.9047,0
637,69,31,46.6192,0
638,64,31,46.5555,0
639,67,31,43.6053,0
640,63,31,44.2775,0
641,65,31,43.8265,0
642,69,31,43.773,0
643,69,31,43.9855,0
644,64,31,44.8949,0
645,60,31,44.1784,0
646,68,31,44.5008,0
647,68,31,45.4382,0
648,73,31,46.4081,0
649,72,31,45.896,0
650,72,31,46.9453,0
651,71,31,47.2328,0
652,72,31,47.1571,0
653,60,31,46.0322,0
654,62,31,46.1216,0
655,63,31,45.3407,0
656,62,31,44.6056,0
657,66,31,45.3417,0
658,66,31,44.6439,0
659,66,31,44.3289,0
660,70,31,44.3846,0
661,65,31,44.4083,0
662,67,31,45.3282,0
663,67,31,45.1623,0
664,63,31,45.774,0
665,63,31,45.9089,0
666,63,31,44.9882,0
667,64,31,45.209,0
668,69,31,45.204,0
669,69,31,46.2515,0
670,69,31,45.9819,0
671,67,31,46.404,0
672,63,31,45.1709,0
673,64,31,45.8162,0
674,63,31,45.7921,0
675,66,31,44.9901,0
676,69,31,46.0229,0
677,66,31,45.8503,0
678,65,31,46.0798,0
679,63,31,45.5976,0
680,65,31,45.633,0
681,62,31,46.6213,0
682,64,31,45.7542,0
683,66,31,45.325,0
684,68,31,46.2013,0
685,71,31,45.8646,0
686,71,31,46.7698,0
687,71,31,46.1317,0
688,68,31,46.842,0
689,70,31,46.9707,0
690,72,31,47.0141,0
691,63,31,45.8678,0
692,61,31,46.8013,0
693,66,31,47.5511,0
694,66,31,47.4536,0
695,64,31,47.7882,0
696,61,31,46.4422,0
697,61,31,45.6984,0
698,63,31,44.9295,0
699,64,31,44.8638,0
700,63,31,44.6697,0
701,66,31,44.242,0
702,66,31,45.1898,0
703,65,31,44.402,0
704,57,31,43.907,0
705,65,31,44.5503,0
706,65,31,46.2104,0
707,64,31,46.2952,0
708,64,31,46.6752,0
709,65,31,45.643,0
710,66,31,45.6355,0
711,64,31,45.7934,0
712,62,31,45.1494,0
713,68,31,45.9589,0
714,67,31,44.6592,0
715,71,31,44.7592,0
716,57,31,43.698,0
717,59,31,44.3223,0
718,64,31,44.0649,0
719,64,31,44.6089,0
720,62,31,44.0808,0
721,63,31,43.752,0
722,60,31,43.8396,0
723,60,31,43.9793,0
724,66,31,44.03,0
725,66,31,44.1491,0
726,61,31,43.4462,0
727,64,31,44.2572,0
728,64,31,45.1304,0
729,67,31,44.8953,0
730,64,31,45.1434,0
731,71,31,45.6085,0
732,66,31,45.4882,0
733,64,31,45.7078,0
734,68,31,45.2301,0
735,62,31,45.574,0
736,61,31,45.0036,0
737,65,31,44.3494,0
738,66,31,44.5046,0
739,66,31,43.7787,0
740,66,31,43.7653,0
741,62,31,43.1812,0
742,61,31,43.4404,0
743,62,31,43.1634,0
744,60,31,42.9058,0
745,62,31,43.6081,0
746,62,31,43.5679,0
747,66,31,43.8971,0
748,67,31,44.0705,0
749,69,31,45.1424,0
750,67,31,44.7749,0
751,62,31,45.0088,0
752,65,31,45.4151,0
753,64,31,45.2868,0
754,64,31,46.5019,0
755,61,31,46.0143,0
756,68,31,45.6241,0
757,66,31,44.5289,0
758,66,31,45.5748,0
759,65,31,45.8355,0
760,64,31,45.5946,0
761,65,31,46.3533,0
762,68,31,46.1041,0
763,65,31,46.2137,0
764,65,31,46.5277,0
765,66,31,46.5223,0
766,65,31,47.2966,0
767,63,31,47.3371,0
768,64,31,46.201,0
769,66,31,46.5274,0
770,67,31,46.5093,0
771,65,31,45.3286,0
772,60,31,45.4585,0
773,58,31,45.464,0
774,60,31,46.3927,0
775,62,31,46.18,0
776,60,31,45.1871,0
777,62,31,45.7568,0
778,63,31,46.163,0
779,66,31,45.918,0
780,61,31,45.279,0
781,64,31,45.8397,0
782,62,31,45.2136,0
783,65,31,44.1499,0
784,64,31,44.7198,0
785,65,31,45.1788,0
786,66,31,45.3081,0
787,62,31,44.4213,0
788,62,31,44.7075,0
789,65,31,45.3376,0
790,65,31,45.662,0
791,61,31,46.0261,0
792,59,31,46.6826,0
793,63,31,46.1249,0
794,63,31,46.2315,0
795,64,31,46.3835,0
796,66,31,47.005,0
797,66,31,46.7553,0
798,71,31,47.1737,0
799,71,31,46.5686,0
800,77,31,46.5853,0
801,65,31,45.5639,0
802,65,31,44.7316,0
803,66,31,44.5855,0
804,60,31,43.6853,0
805,63,31,44.0446,0
806,67,31,43.9269,0
807,72,31,44.1039,0
808,65,31,42.7882,0
809,65,31,43.3652,0
810,64,31,44.3803,0
811,64,31,45.1895,0
812,67,31,44.5994,0
813,64,31,44.51,0
814,63,31,44.1465,0
815,63,31,44.7883,0
816,65,31,43.9948,0
817,63,31,44.6397,0
818,67,31,44.8962,0
819,64,31,43.8173,0
820,65,31,44.1354,0
821,66,31,44.9417,0
822,66,31,43.3881,0
823,61,31,43.6174,0
824,65,31,43.6768,0
825,62,31,43.3192,0
826,66,31,44.5459,0
827,68,31,43.6921,0
828,70,31,43.9098,0
829,68,31,43.8782,0
830,61,31,43.2011,0
831,67,31,44.5376,0
832,61,31,44.2182,0
833,61,31,45.5356,0
834,68,31,46.1493,0
835,67,31,46.5032,0
836,67,31,47.0395,0
837,65,31,46.4115,0
838,64,31,45.3844,0
839,64,31,44.5697,0
840,64,31,45.3065,0
841,68,31,44.8871,0
842,64,31,44.904,0
843,67,31,43.9403,0
844,70,31,44.5295,0
845,71,31,44.2604,0
846,69,31,44.7552,0
847,69,31,44.5645,0
848,71,31,44.1499,0
849,68,31,43.9029,0
850,67,31,43.0665,0
851,59,31,43.8855,0
852,69,31,43.7103,0
853,73,31,44.8178,0
854,71,31,45.035,0
855,71,31,45.3691,0
856,66,31,44.042,0
857,68,31,44.9503,0
858,70,31,44.2421,0
859,69,31,45.2106,0
860,69,31,45.2252,0
861,69,31,44.8009,0
862,64,31,44.1542,0
863,67,31,45.374,0
864,66,31,45.0831,0
865,61,31,45.0716,0
866,63,31,45.8245,0
867,65,31,45.4819,0
868,66,31,45.1472,0
869,60,31,44.9295,0
870,57,31,45.3016,0
871,59,31,45.6338,0
872,66,31,45.3124,0
873,65,31,45.016,0
874,65,31,43.994,0
875,61,31,43.8094,0
876,64,31,44.5226,0
877,64,31,44.5839,0
878,58,31,43.8784,0
879,60,31,44.3939,0
880,65,31,45.7636,0
881,61,31,45.0656,0
882,61,31,45.6416,0
883,63,31,46.8817,0
884,67,31,46.8856,0
885,62,31,46.5356,0
886,64,31,46.6611,0
887,67,31,45.7566,0
888,65,31,45.7154,0
889,68,31,44.2922,0
890,68,31,44.2712,0
891,61,31,43.9769,0
892,68,31,44.6801,0
893,64,31,45.7495,0
894,67,31,45.573,0
895,63,31,46.4472,0
896,66,31,46.2675,0
897,65,31,45.5718,0
898,65,31,45.0374,0
899,64,31,44.3849,0
900,64,31,45.3555,0
901,66,31,45.0625,0
902,66,31,44.4964,0
903,67,31,43.6623,0
904,61,31,42.9594,0
905,62,31,43.205,0
906,66,31,43.9857,0
907,64,31,44.5379,0
908,64,31,45.3351,0
909,62,31,44.8941,0
910,65,31,44.752,0
911,59,31,44.2865,0
912,60,31,44.5934,0
913,60,31,44.541,0
914,61,31,44.7021,0
915,60,31,45.1101,0
916,61,31,44.3228,0
917,65,31,43.7295,0
918,62,31,43.8939,0
919,66,31,44.8451,0
920,66,31,45.2534,0
921,65,31,43.9098,0
922,63,30,42.6875,0
923,66,30,43.0651,0
924,63,30,43.4828,0
925,65,30,44.1057,0
926,66,30,43.3174,0
927,70,30,44.1306,0
928,70,30,44.2549,0
929,70,30,45.176,0
930,64,30,45.1283,0
931,65,30,44.5666,0
932,61,30,45.2307,0
933,65,30,45.374,0
934,66,30,45.4799,0
935,75,30,46.576,0
936,74,30,45.7319,0
937,66,30,46.2374,0
938,61,30,46.8644,0
939,62,30,46.9538,0
940,75,30,47.21,0
941,71,30,46.6978,0
942,70,30,46.1296,0
943,74,30,46.4738,0
944,64,30,46.2676,0
945,64,30,46.4282,0
946,72,30,47.2413,0
947,72,30,47.9254,0
948,67,30,47.0197,0
949,64,30,46.2512,0
950,60,30,46.3032,0
951,62,30,46.586,0
952,64,30,46.7487,0
953,67,30,47.1596,0
954,71,30,46.8613,0
955,64,30,46.6159,0
956,63,30,45.6428,0
957,63,30,45.7126,0
958,65,30,45.9224,0
959,62,30,45.2072,0
960,67,30,44.3248,0
961,76,30,43.9109,0
962,65,30,44.4545,0
963,66,30,43.7529,0
964,71,30,43.1563,0
965,71,30,42.8142,0
966,71,30,43.5971,0
967,64,30,44.0601,0
968,65,30,43.2767,0
969,57,30,42.7493,0
970,66,30,43.6751,0
971,65,30,43.718,0
972,63,30,44.1708,0
973,65,30,45.6339,0
974,68,30,45.8569,0
975,78,30,45.186,0
976,69,30,44.5972,0
977,65,30,43.3773,0
978,64,30,44.4182,0
979,65,30,43.272,0
980,65,30,44.6705,0
981,70,30,44.789,0
982,63,30,43.9078,0
983,59,30,44.137,0
984,62,30,43.7123,0
985,68,30,44.7664,0
986,68,30,44.729,0
987,68,30,44.51,0
988,62,30,41.7425,0
989,68,30,42.2975,0
990,68,30,42.6335,0
991,59,30,42.1335,0
992,67,30,43.652,0
993,65,30,44.1012,0
994,63,30,44.4145,0
995,68,30,44.4692,0
996,65,30,44.1216,0
997,64,30,43.5545,0
998,58,30,42.9337,0
999,64,30,43.9305,0
1000,66,30,45.5602,0
1001,67,30,45.4266,0
1002,66,30,45.4835,0
1003,68,30,45.6823,0
1004,61,30,45.9971,0
1005,59,30,45.1766,0
1006,67,30,45.9364,0
1007,64,30,46.2153,0
1008,60,30,46.0187,0
1009,70,30,45.167,0
1010,63,30,45.1492,0
1011,66,30,45.4183,0
1012,64,30,46.2367,0
1013,63,30,47.157,0
1014,65,30,46.4482,0
1015,64,30,45.7857,0
1016,63,30,44.7067,0
1017,67,30,46.0094,0
1018,67,30,46.5105,0
1019,68,30,47.3259,0
1020,68,30,46.9647,0
1021,65,30,46.5371,0
1022,63,30,46.1332,0
1023,65,30,45.4447,0
1024,66,30,44.901,0
1025,68,30,45.8294,0
1026,65,30,45.4287,0
1027,68,30,44.095,0
1028,63,30,44.1429,0
1029,63,30,43.9396,0
1030,68,30,43.5125,0
1031,68,30,44.4397,0
1032,66,30,43.7199,0
1033,60,30,42.594,0
1034,60,30,42.3982,0
1035,62,30,43.7942,0
1036,70,30,44.2596,0
1037,66,30,43.7238,0
1038,65,30,44.709,0
1039,67,30,45.3053,0
1040,69,30,44.4481,0
1041,61,30,44.2032,0
1042,62,30,44.3284,0
1043,61,30,43.9433,0
1044,61,30,43.489,0
1045,64,30,44.1776,0
1046,61,30,44.1173,0
1047,65,30,43.6187,0
1048,62,30,43.6846,0
1049,63,30,43.8648,0
1050,64,30,42.6558,0
1051,57,30,42.3478,0
1052,68,30,42.1157,0
1053,60,30,42.6988,0
1054,60,30,43.109,0
1055,69,30,42.7555,0
1056,63,30,42.9724,0
1057,64,30,43.0592,0
1058,64,30,44.5259,0
1059,65,30,44.7541,0
1060,68,30,45.1454,0
1061,68,30,45.9503,0
1062,67,30,46.6381,0
1063,64,30,45.8676,0
1064,65,30,45.9278,0
1065,65,30,45.2365,0
1066,67,30,45.5422,0
1067,68,30,45.8349,0
1068,66,30,45.2767,0
1069,65,30,46.0377,0
1070,62,30,45.1226,0
1071,62,30,44.3076,0
1072,62,30,44.4499,0
1073,61,30,43.8979,0
1074,61,30,43.8491,0
1075,61,30,43.0773,0
1076,59,30,43.4411,0
1077,62,30,42.9628,0
1078,57,30,43.581,0
1079,60,30,44.3483,0
1080,65,30,44.5255,0
1081,67,30,45.0745,0
1082,59,30,44.4507,0
1083,64,30,43.1237,0
1084,65,30,43.5648,0
1085,65,30,44.4151,0
1086,68,30,45.198,0
1087,68,30,44.9309,0
1088,67,30,44.6164,0
1089,65,30,45.0201,0
1090,69,30,45.4007,0
1091,64,30,44.9613,0
1092,63,30,44.769,0
1093,68,30,44.4404,0
1094,64,30,45.0208,0
1095,63,30,44.3721,0
1096,62,30,44.4931,0
1097,63,30,44.4237,0
1098,68,30,43.8519,0
1099,62,30,43.4263,0
1100,67,30,44.1452,0
1101,61,30,44.2793,0
1102,61,30,45.1827,0
1103,62,30,45.5732,0
1104,65,30,44.6261,0
1105,69,30,44.0687,0
1106,65,30,44.4517,0
1107,66,30,43.9402,0
1108,65,30,44.735,0
1109,65,30,43.79,0
1110,65,30,42.7171,0
1111,64,30,43.5231,0
1112,60,30,43.2119,0
1113,61,30,42.3434,0
1114,53,30,41.9556,0
1115,62,30,42.9012,0
1116,56,30,43.7852,0
1117,63,30,43.8105,0
1118,65,30,43.8208,0
1119,68,30,43.1736,0
1120,62,30,44.2887,0
1121,66,30,43.7077,0
1122,63,30,42.6771,0
1123,63,30,42.7897,0
1124,67,30,42.3671,0
1125,67,30,43.7292,0
1126,62,30,42.8563,0
1127,64,30,43.1633,0
1128,63,30,45.2453,0
1129,60,30,43.8562,0
1130,66,30,44.2768,0
1131,67,30,44.6972,0
1132,61,30,44.7462,0
1133,64,30,44.4211,0
1134,65,30,45.4191,0
1135,65,30,45.7397,0
1136,63,30,45.9127,0
1137,67,30,45.7273,0
1138,64,30,44.5977,0
1139,64,30,44.1341,0
1140,66,30,44.4391,0
1141,66,30,44.3933,0
1142,70,30,44.0891,0
1143,59,30,44.7353,0
1144,62,30,45.7355,0
1145,62,30,45.4869,0
1146,62,30,46.1144,0
1147,71,30,45.5419,0
1148,63,30,46.4334,0
1149,65,30,46.024,0
1150,63,30,46.9064,0
1151,65,30,47.7167,0
1152,62,30,47.1116,0
1153,58,30,45.1292,0
1154,63,30,44.4629,0
1155,63,30,44.9296,0
1156,61,30,45.5512,0
1157,62,30,45.2731,0
1158,64,30,45.7208,0
1159,63,30,45.6894,0
1160,67,30,45.9327,0
1161,62,30,46.27,0
1162,59,30,46.2007,0
1163,68,30,47.8532,0
1164,73,30,47.7683,0
1165,66,30,48.5062,0
1166,69,30,49.3395,0
1167,68,30,47.3631,0
1168,63,30,45.8905,0
1169,62,30,45.0881,0
1170,68,30,45.3626,0
1171,63,30,44.9723,0
1172,60,30,43.5513,0
1173,72,30,43.109,0
1174,75,30,43.2157,0
1175,68,30,43.1322,0
1176,64,30,44.1425,0
1177,64,30,44.4937,0
1178,61,30,44.1144,0
1179,62,30,44.5154,0
1180,62,30,43.2161,0
1181,64,30,42.6409,0
1182,63,30,43.6642,0
1183,68,30,44.7073,0
1184,67,30,44.7659,0
1185,63,30,44.7396,0
1186,63,30,44.1471,0
1187,66,30,44.1896,0
1188,69,30,44.7975,0
1189,62,30,44.9192,0
1190,63,30,46.5633,0
1191,71,30,45.571,0
1192,64,30,46.9496,0
1193,67,30,46.1348,0
1194,67,30,45.7148,0
1195,64,30,45.0163,0
1196,63,30,45.595,0
1197,67,30,45.0837,0
1198,67,30,46.5603,0
1199,68,30,45.7734,0
1200,68,30,46.8526,0
1201,67,30,45.5344,0
1202,60,30,44.8893,0
1203,63,30,45.3432,0
1204,60,30,45.1155,0
1205,68,30,45.144,0
1206,61,30,44.9756,0
1207,62,30,45.6268,0
1208,64,30,44.9706,0
1209,66,30,43.4629,0
1210,71,30,43.7277,0
1211,62,30,44.0437,0
1212,62,30,43.519,0
1213,61,30,44.1471,0
1214,67,30,44.7843,0
1215,68,30,44.9192,0
1216,68,30,44.8802,0
1217,66,30,45.6232,0
1218,68,30,44.6044,0
1219,70,30,45.53,0
1220,65,30,44.811,0
1221,62,30,44.7839,0
1222,62,30,44.8472,0
1223,66,30,45.8953,0
1224,72,30,45.6246,0
1225,72,30,45.478,0
1226,64,30,45.7888,0
1227,66,30,45.923,0
1228,60,30,45.7544,0
1229,61,30,45.3175,0
1230,62,30,45.1497,0
1231,59,30,44.6339,0
1232,61,30,44.5316,0
1233,63,30,44.469,0
1234,65,30,43.7069,0
1235,61,30,43.7738,0
1236,63,30,43.3501,0
1237,63,30,44.035,0
1238,62,30,44.5623,0
1239,63,30,44.7383,0
1240,62,30,44.9982,0
1241,65,30,45.1086,0
1242,62,30,44.629,0
1243,61,30,44.2893,0
1244,65,30,45.6344,0
1245,66,30,44.7817,0
1246,68,30,44.9073,0
1247,70,30,44.2645,0
1248,68,30,44.5782,0
1249,66,30,43.4943,0
1250,65,30,43.7667,0
1251,65,30,42.6168,0
1252,68,30,44.0689,0
1253,72,30,45.073,0
1254,72,30,44.6539,0
1255,65,30,43.9431,0
1256,65,30,43.7491,0
1257,68,30,43.5078,0
1258,67,30,43.1042,0
1259,62,30,43.6016,0
1260,63,30,43.9392,0
1261,61,30,44.1472,0
1262,62,30,44.1068,0
1263,63,30,44.2644,0
1264,66,30,45.9553,0
1265,64,30,44.8258,0
1266,62,30,45.2382,0
1267,64,30,45.964,0
1268,67,30,45.2057,0
1269,61,30,45.713,0
1270,59,30,45.4903,0
1271,62,30,45.9196,0
1272,76,30,44.264,0
1273,60,30,43.4057,0
1274,66,30,44.5055,0
1275,64,30,44.018,0
1276,67,30,44.4861,0
1277,58,30,44.6312,0
1278,62,30,44.7854,0
1279,67,30,45.215,0
1280,68,30,45.8095,0
1281,66,30,45.9057,0
1282,66,30,46.5347,0
1283,58,30,44.7578,0
1284,61,30,43.6477,0
1285,60,30,44.5307,0
1286,58,30,44.9394,0
1287,64,30,44.8722,0
1288,69,30,44.742,0
1289,74,30,44.8007,0
1290,74,30,46.3866,0
1291,74,30,45.7652,0
1292,65,30,45.8116,0
1293,67,30,45.7738,0
1294,64,30,45.6014,0
1295,60,30,46.2668,0
1296,61,30,46.8259,0
1297,63,30,47.3543,0
1298,63,30,46.6587,0
1299,63,30,46.7007,0
1300,65,30,46.886,0
1301,65,30,46.3675,0
1302,65,30,45.881,0
1303,66,30,46.363,0
1304,67,30,45.1645,0
1305,67,30,45.2473,0
1306,67,30,46.2316,0
1307,67,30,47.0444,0
1308,67,30,45.575,0
1309,62,30,44.5096,0
1310,59,30,44.8274,0
1311,63,30,45.0238,0
1312,66,30,46.6542,0
1313,68,30,46.7722,0
1314,64,30,46.3051,0
1315,62,30,46.5669,0
1316,68,30,46.1499,0
1317,66,30,45.1018,0
1318,66,30,45.7741,0
1319,64,30,44.9094,0
1320,64,30,44.1128,0
1321,64,30,43.9169,0
1322,67,30,43.507,0
1323,63,30,43.9705,0
1324,62,30,44.7608,0
1325,66,30,45.024,0
1326,63,30,44.8807,0
1327,63,30,44.3657,0
1328,63,30,44.5834,0
1329,64,30,44.7741,0
1330,68,30,45.8461,0
1331,72,30,44.8764,0
1332,72,30,44.8008,0
1333,67,30,44.0964,0
1334,68,30,44.4902,0
1335,69,30,45.0155,0
1336,68,30,44.6279,0
1337,70,30,44.9749,0
1338,70,30,45.1682,0
1339,64,30,44.5054,0
1340,67,30,46.1473,0
1341,63,30,46.2015,0
1342,66,30,46.1931,0
1343,64,30,45.7161,0
1344,66,30,45.1383,0
1345,60,30,44.4627,0
1346,61,30,44.8976,0
1347,62,30,44.9705,0
1348,71,30,46.1948,0
1349,64,30,45.7931,0
1350,64,30,45.6336,0
1351,63,30,46.1991,0
1352,66,30,45.0936,0
1353,66,30,45.5156,0
1354,63,30,45.5478,0
1355,66,30,45.925,0
1356,60,30,45.6899,0
1357,67,30,46.2851,0
1358,70,30,46.7211,0
1359,68,30,46.7705,0
1360,71,30,46.1934,0
1361,64,30,46.6884,0
1362,65,30,46.8176,0
1363,66,30,45.5019,0
1364,64,30,46.3075,0
1365,65,30,46.9256,0
1366,63,30,45.7163,0
1367,61,30,44.7839,0
1368,61,30,45.1055,0
1369,63,30,46.0701,0
1370,63,30,45.9144,0
1371,60,30,44.2037,0
1372,60,30,43.5416,0
1373,65,30,43.2704,0
1374,70,30,44.4179,0
1375,69,30,45.6071,0
1376,66,30,46.7209,0
1377,67,30,45.5336,0
1378,66,30,45.6245,0
1379,60,30,45.1053,0
1380,60,30,44.6842,0
1381,59,30,45.0265,0
1382,60,30,44.9205,0
1383,64,30,44.4234,0
1384,62,30,44.0978,0
1385,68,30,45.2581,0
1386,65,30,44.7215,0
1387,60,30,45.5124,0
1388,57,30,46.4249,0
1389,60,30,47.9613,0
1390,72,30,47.7142,0
1391,66,30,47.0275,0
1392,65,30,46.7645,0
1393,67,30,45.8805,0
1394,67,30,45.8579,0
1395,67,30,44.6145,0
1396,61,30,44.7322,0
1397,67,30,45.0882,0
1398,70,30,44.6607,0
1399,69,30,45.3802,0
1400,70,30,45.9271,0
1401,61,30,45.9558,0
1402,66,30,46.0962,0
1403,66,30,46.0835,0
1404,62,30,45.7206,0
1405,59,30,45.7728,0
1406,64,30,46.6218,0
1407,64,30,47.5733,0
1408,64,30,47.5888,0
1409,63,30,46.3362,0
1410,70,30,46.1064,0
1411,70,30,45.6304,0
1412,65,30,45.8319,0
1413,66,30,46.0548,0
1414,63,30,46.6781,0
1415,68,30,46.6551,0
1416,68,30,45.2519,0
1417,62,30,45.7564,0
1418,63,30,44.8735,0
1419,61,30,45.3506,0
1420,66,30,45.8783,0
1421,64,30,44.8868,0
1422,62,30,45.1514,0
1423,58,30,44.5761,0
1424,64,30,45.4624,0
1425,64,30,46.6723,0
1426,62,30,47.3841,0
1427,67,30,45.9918,0
1428,63,30,46.0029,0
1429,65,30,44.6237,0
1430,66,30,44.9998,0
1431,65,30,45.0448,0
1432,61,30,45.8954,0
1433,61,30,45.071,0
1434,66,30,44.6207,0
1435,70,30,44.5436,0
1436,65,30,44.3438,0
1437,60,30,43.6535,0
1438,62,30,43.6659,0
1439,60,30,43.9293,0
1440,68,30,43.7312,0
1441,67,30,43.76,0
1442,67,30,43.8024,0
1443,64,30,45.3364,0
1444,67,30,46.8229,0
1445,64,30,45.3058,0
1446,69,30,44.4992,0
1447,62,30,44.6575,0
1448,67,30,44.5473,0
1449,69,30,44.322,0
1450,72,30,44.5467,0
1451,61,30,44.6387,0
1452,60,30,44.4204,0
1453,63,30,44.3295,0
1454,68,30,43.8157,0
1455,65,30,43.5154,0
1456,65,30,45.1141,0
1457,66,30,45.9267,0
1458,66,30,45.8417,0
1459,64,30,45.2891,0
1460,61,30,45.2023,0
1461,60,30,45.132,0
1462,61,30,45.5361,0
1463,62,30,45.4296,0
1464,65,30,45.7906,0
1465,64,30,45.1348,0
1466,65,30,43.8312,0
1467,65,30,43.7162,0
1468,59,30,43.0444,0
1469,63,30,43.4043,0
1470,63,30,43.3886,0
1471,66,30,42.9762,0
1472,64,30,43.9476,0
1473,64,30,45.3107,0
1474,64,30,45.1053,0
1475,66,30,44.5627,0
1476,66,30,43.513,0
1477,60,30,43.041,0
1478,61,30,42.9831,0
1479,61,30,43.3147,0
1480,58,30,43.2172,0
1481,63,30,42.9236,0
1482,61,30,44.4399,0
1483,57,30,44.3434,0
1484,60,30,44.5504,0
1485,57,30,44.327,0
1486,61,30,44.5148,0
1487,70,30,45.3508,0
1488,70,30,44.9616,0
1489,66,30,45.055,0
1490,63,30,45.0642,0
1491,68,30,45.2741,0
1492,67,30,45.421,0
1493,66,30,46.7236,0
1494,69,30,46.5321,0
1495,68,30,47.2562,0
1496,66,30,45.8618,0
1497,67,30,44.4744,0
1498,64,30,44.7526,0
1499,64,30,44.8912,0
1500,69,30,45.1261,0
1501,63,30,44.1645,0
1502,64,30,43.895,0
1503,62,30,43.8686,0
1504,64,30,44.3739,0
1505,64,30,44.7638,0
1506,64,30,44.2459,0
1507,70,30,44.1074,0
1508,70,30,44.3441,0
1509,70,30,44.2901,0
1510,70,30,44.929,0
1511,65,30,44.2653,0
1512,63,30,43.6433,0
1513,60,30,44.0774,0
1514,64,30,44.9869,0
1515,71,30,44.8861,0
1516,61,30,44.9511,0
1517,67,30,45.2024,0
1518,62,30,45.6018,0
1519,66,30,46.2385,0
1520,68,30,46.4744,0
1521,65,30,45.9478,0
1522,65,30,45.0653,0
1523,65,30,44.7718,0
1524,67,30,43.749,0
1525,70,30,43.9282,0
1526,73,30,44.6042,0
1527,59,30,44.6994,0
1528,66,30,44.7494,0
1529,67,30,45.3736,0
1530,62,30,45.0039,0
1531,62,30,44.8911,0
1532,61,30,44.5066,0
1533,60,30,44.5585,0
1534,62,30,46.1469,0
1535,63,30,45.6168,0
1536,62,30,45.6304,0
1537,62,30,45.7612,0
1538,65,30,46.7065,0
1539,62,30,46.8819,0
1540,67,30,47.2763,0
1541,67,30,46.5402,0
1542,65,30,47.1382,0
1543,62,30,45.4282,0
1544,67,30,46.4622,0
1545,68,30,46.3769,0
1546,67,30,46.3833,0
1547,60,30,45.4307,0
1548,68,30,44.9378,0
1549,68,30,44.5023,0
1550,66,30,45.1967,0
1551,70,30,45.3516,0
1552,63,30,44.8637,0
1553,69,30,45.4851,0
1554,63,30,44.6583,0
1555,64,30,44.6317,0
1556,61,30,44.1832,0
1557,64,30,44.8473,0
1558,63,30,44.7332,0
1559,69,30,44.6252,0
1560,62,30,43.9224,0
1561,60,30,44.9126,0
1562,63,30,44.8117,0
1563,63,30,44.7323,0
1564,64,30,45.0807,0
1565,63,30,45.5562,0
1566,63,30,45.2938,0
1567,62,30,45.9955,0
1568,64,30,45.7377,0
1569,65,30,45.8941,0
1570,63,30,44.3281,0
1571,63,30,44.8908,0
1572,57,30,45.1278,0
1573,58,30,44.7226,0
1574,65,30,44.8051,0
1575,65,30,45.226,0
1576,67,30,45.5814,0
1577,63,30,46.08,0
1578,60,30,44.9746,0
1579,64,30,44.1847,0
1580,63,30,45.3378,0
1581,66,30,45.4244,0
1582,65,30,45.5566,0
1583,65,30,45.2326,0
1584,67,30,45.721,0
1585,68,30,46.0033,0
1586,68,30,45.3124,0
1587,65,30,45.8145,0
1588,65,30,47.236,0
1589,66,30,47.3154,0
1590,61,30,46.9964,0
1591,63,30,46.2335,0
1592,64,30,45.4696,0
1593,63,30,44.4347,0
1594,63,30,43.7102,0
1595,64,30,43.4458,0
1596,65,30,42.972,0
1597,65,30,42.8988,0
1598,64,30,44.923,0
1599,65,30,44.2614,0
1600,63,30,45.7837,0
1601,66,30,45.4301,0
1602,66,30,45.6361,0
1603,67,30,45.2415,0
1604,64,30,43.9359,0
1605,64,30,43.8414,0
1606,60,30,43.9927,0
1607,57,30,43.6978,0
1608,68,30,43.3785,0
1609,70,30,43.8093,0
1610,70,30,43.4677,0
1611,62,30,44.1861,0
1612,63,30,44.7111,0
1613,62,30,43.9593,0
1614,62,30,45.3219,0
1615,66,30,45.1203,0
1616,67,30,45.5516,0
1617,62,30,45.6685,0
1618,63,30,44.6745,0
1619,59,30,45.3889,0
1620,59,30,45.038,0
1621,59,30,44.8344,0
1622,62,30,44.9523,0
1623,62,30,44.6631,0
1624,62,30,45.4245,0
1625,62,30,42.612,0
1626,59,30,42.3916,0
1627,57,30,42.9182,0
1628,65,30,42.9237,0
1629,56,30,41.8302,0
1630,63,30,43.1765,0
1631,62,30,43.0191,0
1632,64,30,43.4933,0
1633,62,30,44.5477,0
1634,63,30,44.6499,0
1635,66,30,44.2378,0
1636,66,30,43.9577,0
1637,65,30,44.7693,0
1638,67,30,44.595,0
1639,67,30,44.6777,0
1640,61,30,44.3261,0
1641,60,30,43.5461,0
1642,68,30,43.6025,0
1643,65,30,45.2681,0
1644,61,30,45.7216,0
1645,62,30,45.0929,0
1646,62,30,45.3367,0
1647,63,30,45.7338,0
1648,65,30,45.358,0
1649,67,30,46.0878,0
1650,66,30,45.1102,0
1651,65,30,44.8342,0
1652,65,30,44.2397,0
1653,65,30,43.0255,0
1654,68,30,44.0393,0
1655,60,30,43.6692,0
1656,62,30,46.1168,0
1657,68,30,45.6824,0
1658,64,30,45.4863,0
1659,66,30,46.4044,0
1660,64,30,46.2736,0
1661,65,30,45.4745,0
1662,62,30,45.1054,0
1663,62,30,45.1696,0
1664,60,30,45.081,0
1665,65,30,45.1332,0
1666,61,30,45.3366,0
1667,62,30,44.6943,0
1668,61,30,45.6163,0
1669,59,30,45.1297,0
1670,64,30,45.309,0
1671,64,30,45.8419,0
1672,59,30,45.3161,0
1673,61,30,44.2529,0
1674,60,30,44.7207,0
1675,65,30,44.6572,0
1676,68,30,44.1569,0
1677,65,30,43.3327,0
1678,64,30,43.0223,0
1679,61,30,42.6094,0
1680,58,30,42.7052,0
1681,60,30,43.3619,0
1682,58,30,43.1846,0
1683,58,30,42.7295,0
1684,61,30,44.3642,0
1685,57,30,44.1265,0
1686,65,30,44.9085,0
1687,65,30,45.2821,0
1688,59,30,45.6062,0
1689,61,30,44.2649,0
1690,65,30,45.2199,0
1691,68,30,45.5549,0
1692,69,30,46.5246,0
1693,68,30,46.3627,0
1694,69,30,45.6629,0
1695,66,30,46.5574,0
1696,65,30,47.1028,0
1697,66,30,47.1357,0
1698,65,30,46.5475,0
1699,65,30,47.6532,0
1700,66,30,47.478,0
1701,66,30,47.8686,0
1702,67,30,46.7836,0
1703,62,30,46.5526,0
1704,63,30,45.9452,0
1705,68,30,45.6836,0
1706,62,30,45.9529,0
1707,61,30,47.4042,0
1708,61,30,47.8646,0
1709,61,30,46.6674,0
1710,61,30,46.927,0
1711,61,30,45.5132,0
1712,62,30,46.5833,0
1713,65,30,46.2245,0
1714,65,30,46.008,0
1715,65,30,47.8294,0
1716,63,30,46.6974,0
1717,65,30,46.2105,0
1718,62,30,45.416,0
1719,65,30,45.4431,0
1720,64,30,44.7498,0
1721,66,30,44.1052,0
1722,66,30,44.1344,0
1723,63,30,43.7373,0
1724,67,30,43.7683,0
1725,59,30,43.219,0
1726,59,30,43.4692,0
1727,66,30,44.1264,0
1728,63,30,44.8045,0
1729,64,30,44.0418,0
1730,66,30,43.9359,0
1731,62,30,43.9728,0
1732,62,30,44.1064,0
1733,63,30,44.1343,0
1734,66,30,44.9257,0
1735,66,30,44.1733,0
1736,64,30,43.8781,0
1737,61,30,43.5411,0
1738,63,30,44.3491,0
1739,63,30,44.2295,0
1740,64,30,43.515,0
1741,62,30,44.0293,0
1742,63,30,42.6164,0
1743,66,30,43.5155,0
1744,63,30,43.9968,0
1745,66,30,44.3028,0
1746,65,30,44.3369,0
1747,70,30,43.8596,0
1748,69,30,44.4883,0
1749,63,30,43.8516,0
1750,60,30,43.1895,0
1751,64,30,43.5444,0
1752,67,30,43.3965,0
1753,59,30,43.249,0
1754,60,30,43.5424,0
1755,64,30,43.9078,0
1756,66,30,43.8923,0
1757,69,30,45.2313,0
1758,63,30,44.9493,0
1759,64,30,44.8703,0
1760,64,30,45.5426,0
1761,60,30,45.3094,0
1762,63,30,44.986,0
1763,70,30,45.5073,0
1764,65,30,44.6397,0
1765,64,30,44.9038,0
1766,63,30,46.1356,0
1767,66,30,46.561,0
1768,65,30,46.431,0
1769,69,30,46.1838,0
1770,65,30,44.9574,0
1771,65,30,45.1292,0
1772,61,30,44.2356,0
1773,61,30,44.58,0
1774,63,30,44.5198,0
1775,68,30,45.5106,0
1776,72,30,45.5751,0
1777,71,30,44.921,0
1778,70,30,44.2746,0
1779,71,30,44.7802,0
1780,71,30,45.0409,0
1781,64,30,44.0788,0
1782,69,30,44.4593,0
1783,62,30,44.7913,0
1784,69,30,45.9858,0
1785,65,30,44.5987,0
1786,66,30,44.7468,0
1787,66,30,44.9436,0
1788,63,30,43.7945,0
1789,66,30,44.8952,0
1790,68,30,45.8156,0
1791,68,30,46.3463,0
1792,68,30,45.8603,0
1793,69,30,47.4003,0
1794,72,30,47.5857,0
1795,71,30,46.6591,0
1796,65,30,46.2924,0
1797,65,30,45.4633,0
1798,67,30,45.3183,0
1799,67,30,44.7955,0
1800,63,30,44.728,0
1801,68,30,44.6508,0
1802,61,30,44.0869,0
1803,64,30,44.987,0
1804,60,30,45.5965,0
1805,63,30,45.711,0
1806,67,30,45.4813,0
1807,67,30,45.9267,0
1808,59,30,45.4734,0
1809,64,30,45.9232,0
1810,66,30,46.421,0
1811,65,30,46.331,0
1812,63,30,44.6969,0
1813,61,30,43.6259,0
1814,65,30,43.9185,0
1815,59,30,42.7442,0
1816,60,30,42.3873,0
1817,60,30,43.2085,0
1818,59,30,43.638,0
1819,64,30,43.9703,0
1820,62,30,44.2698,0
1821,63,30,43.8852,0
1822,61,30,44.8156,0
1823,61,30,43.9892,0
1824,62,30,43.0087,0
1825,65,30,42.6573,0
1826,66,30,43.4685,0
1827,61,30,42.9128,0
1828,62,30,43.6387,0
1829,62,30,43.6773,0
1830,70,30,43.7545,0
1831,61,30,44.441,0
1832,63,30,44.5024,0
1833,63,30,44.1763,0
1834,74,30,43.2953,0
1835,74,30,42.9388,0
1836,66,30,42.4055,0
1837,64,30,43.1377,0
1838,62,30,44.0502,0
1839,62,30,44.4763,0
1840,64,30,43.8341,0
1841,62,30,43.5926,0
1842,62,30,44.3668,0
1843,62,30,43.3811,0
1844,62,30,42.9167,0
1845,65,30,43.7929,0
1846,61,30,44.3329,0
1847,67,30,45.0296,0
1848,67,30,44.2853,0
1849,65,30,44.6301,0
1850,63,30,44.471,0
1851,62,30,44.4556,0
1852,63,30,43.8646,0
1853,64,30,44.0934,0
1854,74,30,43.6875,0
1855,74,30,43.4885,0
1856,63,30,42.9433,0
1857,66,30,43.161,0
1858,71,30,43.6935,0
1859,66,30,43.8497,0
1860,61,30,44.0464,0
1861,60,30,44.0669,0
1862,62,30,42.929,0
1863,63,30,43.1491,0
1864,68,30,44.5967,0
1865,64,30,45.5876,0
1866,63,30,45.1314,0
1867,64,30,44.3785,0
1868,65,30,44.4244,0
1869,67,30,45.1533,0
1870,69,30,45.5829,0
1871,67,30,45.6301,0
1872,68,30,46.329,0
1873,64,30,45.4366,0
1874,64,30,44.6955,0
1875,66,30,44.6114,0
1876,61,30,45.0558,0
1877,62,30,45.1156,0
1878,62,30,44.5955,0
1879,62,30,44.1849,0
1880,67,30,44.2342,0
1881,73,30,44.0787,0
1882,67,30,44.083,0
1883,65,30,43.7738,0
1884,63,30,44.4721,0
1885,64,30,44.5594,0
1886,67,30,43.9098,0
1887,62,30,44.4541,0
1888,63,30,44.1452,0
1889,65,30,43.493,0
1890,67,30,42.9149,0
1891,67,30,43.3216,0
1892,63,30,43.0866,0
1893,62,30,44.0652,0
1894,62,30,43.2041,0
1895,64,30,43.3782,0
1896,65,30,44.0413,0
1897,65,30,44.9561,0
1898,65,30,46.8803,0
1899,63,30,47.3084,0
1900,68,30,47.459,0
1901,70,30,46.6286,0
1902,63,30,45.3468,0
1903,64,30,44.5951,0
1904,68,30,43.893,0
1905,65,30,45.3714,0
1906,65,30,45.347,0
1907,73,30,45.7658,0
1908,65,30,46.787,0
1909,66,30,46.2144,0
1910,67,30,46.5101,0
1911,69,30,46.1477,0
1912,67,30,46.1246,0
1913,69,30,46.1757,0
1914,66,30,46.1038,0
1915,63,30,45.7119,0
1916,65,30,45.5224,0
1917,66,30,46.2356,0
1918,65,30,46.463,0
1919,63,30,47.5518,0
1920,74,30,46.0212,0
1921,63,30,44.9211,0
1922,63,30,44.8195,0
1923,63,30,45.3586,0
1924,68,30,46.3533,0
1925,65,30,46.6176,0
1926,65,30,47.0183,0
1927,63,30,45.9777,0
1928,63,30,45.553,0
1929,65,30,47.0119,0
1930,66,30,46.7429,0
1931,61,30,46.4531,0
1932,64,30,46.3828,0
1933,62,30,45.66,0
1934,64,30,46.2006,0
1935,65,30,47.0598,0
1936,62,30,45.981,0
1937,67,30,45.9915,0
1938,62,30,45.1115,0
1939,63,30,45.7525,0
1940,64,30,46.1141,0
1941,60,30,46.4114,0
1942,62,30,45.6834,0
1943,63,30,45.0634,0
1944,67,30,45.8711,0
1945,63,30,47.5095,0
1946,63,30,45.7046,0
1947,63,30,44.954,0
1948,60,30,45.4857,0
1949,66,30,45.2435,0
1950,65,30,45.7115,0
1951,65,30,44.9305,0
1952,64,30,44.8137,0
1953,62,30,45.5832,0
1954,62,30,44.7661,0
1955,65,30,44.7756,0
1956,63,30,43.6451,0
1957,63,30,42.6491,0
1958,62,30,43.8809,0
1959,60,30,43.6205,0
1960,60,30,44.3932,0
1961,64,30,44.3085,0
1962,63,30,44.7265,0
1963,64,30,45.8693,0
1964,67,30,45.7731,0
1965,66,30,45.577,0
1966,62,30,46.2791,0
1967,63,30,46.267,0
1968,63,30,46.3927,0
1969,64,30,46.7096,0
1970,61,30,46.546,0
1971,62,30,47.0417,0
1972,64,30,47.1394,0
1973,67,30,47.6145,0
1974,68,30,46.1261,0
1975,68,30,45.662,0
1976,72,30,44.3438,0
1977,68,30,44.9295,0
1978,64,30,42.6566,0
1979,67,30,43.4171,0
1980,66,30,45.0255,0
1981,67,30,44.3555,0
1982,68,30,45.2193,0
1983,68,30,45.7796,0
1984,68,30,46.7048,0
1985,70,30,46.5594,0
1986,62,30,46.1545,0
1987,64,30,46.0379,0
1988,62,30,45.242,0
1989,62,30,44.3834,0
1990,66,30,44.2232,0
1991,66,30,46.3923,0
1992,66,30,47.1095,0
1993,62,30,45.6194,0
1994,64,30,44.5816,0
1995,66,30,43.4942,0
1996,68,30,42.405,0
1997,68,30,43.2104,0
1998,66,30,43.0358,0
1999,69,30,43.9633,0
2000,71,30,43.1777,0
2001,70,30,42.8583,0
2002,65,27,40.2158,0
2003,64,27,39.8201,0
2004,57,27,40.0509,0
2005,57,27,40.208,0
2006,62,27,39.6485,0
2007,70,27,39.9725,0
2008,67,27,37.9263,0
2009,65,27,37.2552,0
2010,61,27,35.9675,0
2011,57,27,36.652,0
2012,66,27,37.2315,0
2013,58,27,37.7107,0
2014,51,27,38.4927,0
2015,51,27,38.4633,0
2016,55,27,38.0953,0
2017,57,27,38.7219,0
2018,57,27,38.7,0
2019,56,27,39.1631,0
2020,55,27,40.208,0
2021,54,27,39.8012,0
2022,55,27,40.1744,0
2023,59,27,40.5917,0
2024,57,27,40.5894,0
2025,57,27,39.8242,0
2026,58,27,39.8844,0
2027,58,27,40.0579,0
2028,57,27,39.3634,0
2029,58,27,38.9828,0
2030,55,27,38.0476,0
2031,60,27,38.2162,0
2032,58,27,38.6142,0
2033,58,27,37.4734,0
2034,58,27,38.9286,0
2035,57,27,38.5781,0
2036,54,27,38.3361,0
2037,54,27,38.757,0
2038,56,27,38.7142,0
2039,60,27,39.0684,0
2040,60,27,38.7137,0
2041,57,26,38.2785,0
2042,55,26,37.3525,0
2043,55,26,36.6823,0
2044,55,26,36.3857,0
2045,55,26,37.4245,0
2046,56,26,38.3946,0
2047,61,26,38.0133,0
2048,52,26,38.4045,0
2049,53,26,38.355,0
2050,54,26,37.8668,0
2051,57,26,38.7587,0
2052,59,26,38.6747,0
2053,56,26,38.5006,0
2054,54,26,38.2617,0
2055,55,26,38.2175,0
2056,54,26,37.8203,0
2057,65,26,37.7048,0
2058,56,26,37.0151,0
2059,55,26,37.6926,0
2060,55,26,38.3379,0
2061,63,26,38.7459,0
2062,63,26,38.7849,0
2063,55,26,38.5241,0
2064,56,26,39.1929,0
2065,57,23,38.1841,0
2066,63,22,37.3606,0
2067,55,22,35.7043,0
2068,53,21,34.8825,0
2069,54,18,33.4841,0
2070,54,18,30.9719,0
2071,56,15,29.749,0
2072,58,15,27.3413,0
2073,58,15,24.5251,0
2074,56,13,23.2501,0
2075,52,12,22.7208,0
2076,44,12,21.099,0
2077,38,10,20.6181,0
2078,41,10,20.6326,0
2079,36,10,18.5244,0
2080,45,2,16.177,0
2081,38,2,11.1115,0
2082,34,0,0,0
End summary section
